,Market,Average Return
0,Nasdaq,0.13120289131393367
1,NYSE,0.10740542118472923
2,CO,0.1088002299620921
3,HE,0.10683164029498864
4,ST,0.10792026733600525
